{
  "categories": [
    {
      "id": "38fa",
      "name": "Automovies",
      "description": "Veiculos"
    },
    {
      "id": "655e",
      "name": "Automoveis",
      "description": "carro"
    },
    {
      "id": "36df",
      "name": "Brinquedos",
      "description": ""
    },
    {
      "id": "4e51",
      "name": "comida",
      "description": "verdura"
    }
  ],
  "products": [
    {
      "id": "1756955592089",
      "name": "Bicicleta",
      "price": 2000,
      "stock": 10,
      "categoryId": "38fa",
      "description": "Aro 29",
      "createdAt": "2025-09-04T03:13:12.089Z"
    },
    {
      "id": "1756955921548",
      "name": "Patins",
      "price": 300,
      "stock": 0,
      "categoryId": "36df",
      "description": "",
      "createdAt": "2025-09-04T03:18:41.548Z"
    },
    {
      "id": "c1a7",
      "name": "Automoveis",
      "description": "",
      "stock": 19,
      "price": 500,
      "categoryId": "36df"
    },
    {
      "id": "bc95",
      "name": "alface",
      "description": "",
      "stock": 20,
      "price": 2,
      "categoryId": "4e51"
    }
  ]
}